{"cameraMode":{"drawMode":0,"name":"Shaded","section":"Shading Mode"},"sceneLighting":true,"audioPlay":false,"sceneViewState":{"m_AlwaysRefresh":false,"showFog":true,"showSkybox":true,"showFlares":true,"showImageEffects":true,"showParticleSystems":true,"showVisualEffectGraphs":true,"m_FxEnabled":true},"in2DMode":false,"pivot":{"x":12.266844749450684,"y":0.7523517608642578,"z":-42.240135192871097},"rotation":{"x":0.43551647663116457,"y":0.1529194712638855,"z":-0.07534802705049515,"w":0.8838963508605957},"size":6.470678806304932,"orthographic":false}