{"cameraMode":{"drawMode":0,"name":"Shaded","section":"Shading Mode"},"sceneLighting":true,"audioPlay":false,"sceneViewState":{"m_AlwaysRefresh":false,"showFog":true,"showSkybox":true,"showFlares":true,"showImageEffects":true,"showParticleSystems":true,"showVisualEffectGraphs":true,"m_FxEnabled":true},"in2DMode":false,"pivot":{"x":15.622495651245118,"y":15.497720718383789,"z":-39.08903503417969},"rotation":{"x":-0.07823217660188675,"y":0.0005959157133474946,"z":-0.000053417425078805536,"w":-0.996955394744873},"size":20.69293785095215,"orthographic":false}