{"cameraMode":{"drawMode":0,"name":"Shaded","section":"Shading Mode"},"sceneLighting":true,"audioPlay":false,"sceneViewState":{"m_AlwaysRefresh":false,"showFog":true,"showSkybox":true,"showFlares":true,"showImageEffects":true,"showParticleSystems":true,"showVisualEffectGraphs":true,"m_FxEnabled":true},"in2DMode":false,"pivot":{"x":3.6430001258850099,"y":3.1979997158050539,"z":-30.505998611450197},"rotation":{"x":0.24738867580890656,"y":-0.29475969076156618,"z":0.07933853566646576,"w":0.9195963740348816},"size":6.843410968780518,"orthographic":false}